InstanceId,Size,PredictedClassProbability,ActualClassLabel
0,25,0.00746268656716418,25
1,25,0.00746268656716418,25
2,354,0.00746268656716418,354
3,775,0.00746268656716418,775
4,25,0.00746268656716418,25
5,38,0.00746268656716418,38
6,226,0.00746268656716418,226
7,199,0.00746268656716418,199
8,34,0.00746268656716418,34
9,36,0.00746268656716418,36
10,36,0.00746268656716418,36
11,26,0.00746268656716418,26
12,441,0.00746268656716418,441
13,465,0.00746268656716418,465
14,191,0.00746268656716418,191
15,24,0.00746268656716418,24
16,24,0.00746268656716418,24
17,57,0.00746268656716418,57
18,54,0.00746268656716418,54
19,192,0.00746268656716418,192
20,300,0.00746268656716418,300
21,250,0.00746268656716418,250
22,627,0.00746268656716418,627
23,37,0.00746268656716418,37
24,35,0.00746268656716418,35
25,279,0.00746268656716418,279
26,274,0.00746268656716418,274
27,398,0.00746268656716418,398
28,238,0.00746268656716418,238
29,74,0.00746268656716418,74
30,69,0.00746268656716418,69
31,203,0.00746268656716418,203
32,229,0.00746268656716418,229
33,202,0.00746268656716418,202
34,101,0.00746268656716418,101
35,165,0.00746268656716418,165
36,337,0.00746268656716418,337
37,94,0.00746268656716418,94
38,381,0.00746268656716418,381
39,138,0.00746268656716418,138
40,40,0.00746268656716418,40
41,86,0.00746268656716418,86
42,90,0.00746268656716418,90
43,78,0.00746268656716418,78
44,84,0.00746268656716418,84
45,59,0.00746268656716418,59
46,117,0.00746268656716418,117
47,149,0.00746268656716418,149
48,74,0.00746268656716418,74
49,230,0.00746268656716418,230
50,208,0.00746268656716418,208
51,55,0.00746268656716418,55
52,29,0.00746268656716418,29
53,110,0.00746268656716418,110
54,96,0.00746268656716418,96
55,42,0.00746268656716418,42
56,36,0.00746268656716418,36
57,355,0.00746268656716418,355
58,100,0.00746268656716418,100
59,73,0.00746268656716418,73
60,111,0.00746268656716418,111
61,99,0.00746268656716418,99
62,79,0.00746268656716418,79
63,28,0.00746268656716418,28
64,309,0.00746268656716418,309
65,94,0.00746268656716418,94
66,45,0.00746268656716418,45
67,39,0.00746268656716418,39
68,40,0.00746268656716418,40
69,28,0.00746268656716418,28
70,27,0.00746268656716418,27
71,71,0.00746268656716418,71
72,80,0.00746268656716418,80
73,40,0.00746268656716418,40
74,87,0.00746268656716418,87
