InstanceId,Size,PredictedClassProbability,ActualClassLabel
0,25,0.029129765945280287,NO
1,25,0.02987599010724925,NO
2,354,0.02948375006348597,YES
3,775,0.03361393971972513,YES
4,25,0.029129765945280287,NO
5,38,0.030289980041665644,NO
6,226,0.02948375006348597,NO
7,199,0.029288903765610674,NO
8,34,0.02987599010724925,NO
9,36,0.02987599010724925,NO
10,36,0.02987599010724925,NO
11,26,0.02987599010724925,NO
12,441,0.03429235724448005,YES
13,465,0.029288903765610674,YES
14,191,0.02987599010724925,YES
15,24,0.02987599010724925,NO
16,24,0.02987599010724925,NO
17,57,0.02987599010724925,NO
18,54,0.02987599010724925,NO
19,192,0.02987599010724925,NO
20,300,0.02987599010724925,NO
21,250,0.02987599010724925,NO
22,627,0.02987599010724925,NO
23,37,0.02987599010724925,NO
24,35,0.02987599010724925,NO
25,279,0.02987599010724925,NO
26,274,0.02987599010724925,NO
27,398,0.02987599010724925,NO
28,238,0.029129765945280287,NO
29,74,0.02987599010724925,NO
30,69,0.02987599010724925,NO
31,203,0.02987599010724925,NO
32,229,0.02987599010724925,NO
33,202,0.02987599010724925,NO
34,101,0.029129765945280287,NO
35,165,0.02971498350208514,NO
36,337,0.02987599010724925,NO
37,94,0.02987599010724925,NO
38,381,0.029129765945280287,NO
39,138,0.02987599010724925,NO
40,40,0.02987599010724925,NO
41,86,0.02987599010724925,NO
42,90,0.02987599010724925,NO
43,78,0.03243799598967041,NO
44,84,0.03300145366013035,NO
45,59,0.03770970020563981,NO
46,117,0.04155920030965139,NO
47,149,0.02948375006348597,NO
48,74,0.029288903765610674,NO
49,230,0.03406684825724467,NO
50,208,0.03406684825724467,NO
51,55,0.03102200363477032,NO
52,29,0.029983412585077838,NO
53,110,0.029129765945280287,NO
54,96,0.029288903765610674,NO
55,42,0.02987599010724925,NO
56,36,0.02987599010724925,NO
57,355,0.03192149491082517,YES
58,100,0.029288903765610674,YES
59,73,0.029288903765610674,YES
60,111,0.029129765945280287,NO
61,99,0.029129765945280287,YES
62,79,0.029129765945280287,NO
63,28,0.029129765945280287,NO
64,309,0.0499595714192376,YES
65,94,0.029983412585077838,YES
66,45,0.029288903765610674,YES
67,39,0.029288903765610674,NO
68,40,0.02987599010724925,YES
69,28,0.02987599010724925,NO
70,27,0.02987599010724925,NO
71,71,0.02987599010724925,YES
72,80,0.029129765945280287,NO
73,40,0.029129765945280287,YES
74,87,0.02987599010724925,NO
