InstanceId,Size,PredictedClassProbability,ActualClassLabel
0,5,0.034344112415207774,5
1,4,0.016558556582798225,4
2,256,0.01717199084773125,256
3,642,5.105208276987572E-5,642
4,5,0.034344112415207774,5
5,15,2.3795612189720963E-4,15
6,167,1.231460097949061E-4,167
7,137,1.4588256618916934E-4,137
8,11,0.016629363962960855,11
9,8,0.016629363962960855,8
10,7,0.016685908414825562,7
11,5,0.016685908414825562,5
12,365,0.006250203287309441,365
13,344,0.0033402512059443777,344
14,122,0.015267836552683019,122
15,4,0.016558556582798225,4
16,4,0.016558556582798225,4
17,30,0.017228351847576148,30
18,24,0.0171918127338174,24
19,156,0.013359611972866349,156
20,206,0.009504169512135962,206
21,176,0.012884277278955173,176
22,422,9.404554567183303E-4,422
23,7,0.016643647350070553,7
24,7,0.016643647350070553,7
25,32,0.013468464974807432,32
26,36,0.01400479803886145,36
27,343,0.002065070952868679,343
28,189,9.554563887974213E-5,189
29,47,0.016112707696966887,47
30,36,0.01722417620820115,36
31,112,0.013844673500783732,112
32,179,0.012115242722140013,179
33,149,0.014224411094908152,149
34,60,1.398431229584924E-4,60
35,86,1.829912607817576E-4,86
36,246,0.006102964210155653,246
37,43,0.017236699707033402,43
38,254,7.249424336647479E-5,254
39,84,0.016672721432974894,84
40,15,0.01703372055430412,15
41,50,0.01700590466047749,50
42,55,0.017618055349722207,55
43,45,0.09969957745896996,45
44,54,0.10699267290535376,54
45,13,0.2301709212256014,13
46,83,0.34030153910291205,83
47,64,0.039894382990673216,64
48,10,0.035491876248969295,10
49,167,0.04494062848326247,167
50,146,0.0535019344111385,146
51,30,0.07437384577744982,30
52,5,0.05027213116258168,5
53,74,0.03600888500092654,74
54,65,0.040543399515088896,65
55,16,0.016853085876827257,16
56,12,0.016923622030896958,12
57,274,0.02223911055881336,274
58,64,0.0441748257978015,64
59,40,0.03968595792627252,40
60,73,0.03643340070423981,73
61,65,0.04645494482988132,65
62,46,0.04566314943255675,46
63,8,0.03474429871581249,8
64,255,2.6042224398905563E-73,255
65,64,0.05143507898345093,64
66,21,0.03905486215078822,21
67,15,0.037548150232151446,15
68,15,0.01703372055430412,15
69,8,0.016807641738955617,8
70,6,0.016685908414825562,6
71,42,0.017292426440591927,42
72,47,0.0359808697897988,47
73,16,0.03504688493339697,16
74,56,0.01736779423969852,56
