InstanceId,Size,PredictedClassProbability,ActualClassLabel
0,25,0.16864176337750555,NO
1,25,0.1343261387651758,NO
2,354,0.17813629638605696,YES
3,775,0.231543357774835,YES
4,25,0.16864176337750555,NO
5,38,0.1955222548360014,NO
6,226,0.17347123953153215,NO
7,199,0.1756977419037884,NO
8,34,0.1343261387651758,NO
9,36,0.1343261387651758,NO
10,36,0.1343261387651758,NO
11,26,0.1343261387651758,NO
12,441,0.2232844989913764,YES
13,465,0.1709167606208665,YES
14,191,0.1343261387651758,YES
15,24,0.1343261387651758,NO
16,24,0.1343261387651758,NO
17,57,0.1343261387651758,NO
18,54,0.1343261387651758,NO
19,192,0.1343261387651758,NO
20,300,0.1343261387651758,NO
21,250,0.1343261387651758,NO
22,627,0.1343261387651758,NO
23,37,0.1343261387651758,NO
24,35,0.1343261387651758,NO
25,279,0.1343261387651758,NO
26,274,0.1343261387651758,NO
27,398,0.1343261387651758,NO
28,238,0.17107815896514733,NO
29,74,0.1343261387651758,NO
30,69,0.1343261387651758,NO
31,203,0.1343261387651758,NO
32,229,0.1343261387651758,NO
33,202,0.1343261387651758,NO
34,101,0.16864176337750555,NO
35,165,0.1830286347053865,NO
36,337,0.1343261387651758,NO
37,94,0.1343261387651758,NO
38,381,0.16864176337750555,NO
39,138,0.1343261387651758,NO
40,40,0.1343261387651758,NO
41,86,0.1343261387651758,NO
42,90,0.1343261387651758,NO
43,78,0.22894941520950823,NO
44,84,0.233370143902356,NO
45,59,0.2696465858127081,NO
46,117,0.37453908943217096,NO
47,149,0.1686200417732742,NO
48,74,0.16854292458331321,NO
49,230,0.21476888844703848,NO
50,208,0.2232844989913764,NO
51,55,0.21097052143014325,NO
52,29,0.1902128672904333,NO
53,110,0.16854292458331321,NO
54,96,0.1756977419037884,NO
55,42,0.1343261387651758,NO
56,36,0.1343261387651758,NO
57,355,0.2168765233910524,YES
58,100,0.1804292003121125,YES
59,73,0.1733070887984047,YES
60,111,0.17107815896514733,NO
61,99,0.18957583230054545,YES
62,79,0.187350801146628,NO
63,28,0.16854292458331321,NO
64,309,0.39093441556314706,YES
65,94,0.1902128672904333,YES
66,45,0.1733302551446697,YES
67,39,0.1709167606208665,NO
68,40,0.1343261387651758,YES
69,28,0.1343261387651758,NO
70,27,0.1343261387651758,NO
71,71,0.1343261387651758,YES
72,80,0.16864176337750555,NO
73,40,0.16864176337750555,YES
74,87,0.1343261387651758,NO
