InstanceId,Size,PredictedClassProbability,ActualClassLabel
0,5,0.0021008403361344537,5
1,4,0.004184100418410042,4
2,256,0.004184100418410042,256
3,642,0.004184100418410042,642
4,5,0.0021008403361344537,5
5,15,0.004184100418410042,15
6,167,0.004184100418410042,167
7,137,0.004184100418410042,137
8,11,0.004184100418410042,11
9,8,0.004184100418410042,8
10,7,0.004184100418410042,7
11,5,0.004184100418410042,5
12,365,0.004184100418410042,365
13,344,0.004184100418410042,344
14,122,0.004184100418410042,122
15,4,0.004184100418410042,4
16,4,0.004184100418410042,4
17,30,0.004184100418410042,30
18,24,0.004184100418410042,24
19,156,0.004184100418410042,156
20,206,0.004184100418410042,206
21,176,0.004184100418410042,176
22,422,0.004184100418410042,422
23,7,0.004184100418410042,7
24,7,0.004184100418410042,7
25,32,0.004184100418410042,32
26,36,0.004184100418410042,36
27,343,0.004184100418410042,343
28,189,0.004184100418410042,189
29,47,0.004184100418410042,47
30,36,0.004184100418410042,36
31,112,0.004184100418410042,112
32,179,0.004184100418410042,179
33,149,0.004184100418410042,149
34,60,0.004184100418410042,60
35,86,0.004184100418410042,86
36,246,0.004184100418410042,246
37,43,0.004184100418410042,43
38,254,0.004184100418410042,254
39,84,0.004184100418410042,84
40,15,0.004184100418410042,15
41,50,0.004184100418410042,50
42,55,0.004184100418410042,55
43,45,0.004184100418410042,45
44,54,0.004184100418410042,54
45,13,0.99581589958159,13
46,83,0.004184100418410042,83
47,64,0.004184100418410042,64
48,10,0.004184100418410042,10
49,167,0.004184100418410042,167
50,146,0.004184100418410042,146
51,30,0.004184100418410042,30
52,5,0.004184100418410042,5
53,74,0.004184100418410042,74
54,65,0.004184100418410042,65
55,16,0.004184100418410042,16
56,12,0.004184100418410042,12
57,274,0.004184100418410042,274
58,64,0.004184100418410042,64
59,40,0.004184100418410042,40
60,73,0.004184100418410042,73
61,65,0.004184100418410042,65
62,46,0.004184100418410042,46
63,8,0.004184100418410042,8
64,255,0.004184100418410042,255
65,64,0.004184100418410042,64
66,21,0.004184100418410042,21
67,15,0.004184100418410042,15
68,15,0.004184100418410042,15
69,8,0.004184100418410042,8
70,6,0.004184100418410042,6
71,42,0.004184100418410042,42
72,47,0.004184100418410042,47
73,16,0.004184100418410042,16
74,56,0.004184100418410042,56
