InstanceId,Size,PredictedClassProbability,ActualClassLabel
0,25,0.21910182986460378,25
1,25,0.22359383288557055,25
2,354,0.2212382888813826,354
3,775,0.2454370096361991,775
4,25,0.21910182986460378,25
5,38,0.22606663283825684,38
6,226,0.2212382888813826,226
7,199,0.2200635564787266,199
8,34,0.22359383288557055,34
9,36,0.22359383288557055,36
10,36,0.22359383288557055,36
11,26,0.22359383288557055,26
12,441,0.24928776136997666,441
13,465,0.2200635564787266,465
14,191,0.22359383288557055,191
15,24,0.22359383288557055,24
16,24,0.22359383288557055,24
17,57,0.22359383288557055,57
18,54,0.22359383288557055,54
19,192,0.22359383288557055,192
20,300,0.22359383288557055,300
21,250,0.22359383288557055,250
22,627,0.22359383288557055,627
23,37,0.22359383288557055,37
24,35,0.22359383288557055,35
25,279,0.22359383288557055,279
26,274,0.22359383288557055,274
27,398,0.22359383288557055,398
28,238,0.21910182986460378,238
29,74,0.22359383288557055,74
30,69,0.22359383288557055,69
31,203,0.22359383288557055,203
32,229,0.22359383288557055,229
33,202,0.22359383288557055,202
34,101,0.21910182986460378,101
35,165,0.22262842567573018,165
36,337,0.22359383288557055,337
37,94,0.22359383288557055,94
38,381,0.21910182986460378,381
39,138,0.22359383288557055,138
40,40,0.22359383288557055,40
41,86,0.22359383288557055,86
42,90,0.22359383288557055,90
43,78,0.23868092501140603,78
44,84,0.2419311082471853,84
45,59,0.2681802938021119,59
46,117,0.28850319835544186,117
47,149,0.2212382888813826,149
48,74,0.2200635564787266,74
49,230,0.24801152362015436,230
50,208,0.24801152362015436,208
51,55,0.23040584020640043,55
52,29,0.2242367910237716,29
53,110,0.21910182986460378,110
54,96,0.2200635564787266,96
55,42,0.22359383288557055,42
56,36,0.22359383288557055,36
57,355,0.23568038545051262,355
58,100,0.2200635564787266,100
59,73,0.2200635564787266,73
60,111,0.21910182986460378,111
61,99,0.21910182986460378,99
62,79,0.21910182986460378,79
63,28,0.21910182986460378,28
64,309,0.32965047903280004,309
65,94,0.2242367910237716,94
66,45,0.2200635564787266,45
67,39,0.2200635564787266,39
68,40,0.22359383288557055,40
69,28,0.22359383288557055,28
70,27,0.22359383288557055,27
71,71,0.22359383288557055,71
72,80,0.21910182986460378,80
73,40,0.21910182986460378,40
74,87,0.22359383288557055,87
