InstanceId,Size,PredictedClassProbability,ActualClassLabel
0,5,0.008211356845342053,5
1,4,0.005198226766700685,4
2,256,0.01042972499595615,256
3,642,0.3693776611311387,642
4,5,0.008211356845342053,5
5,15,3.375010365249886E-5,15
6,167,3.284093909845236E-5,167
7,137,3.08708409901352E-5,137
8,11,0.005020948551079905,11
9,8,0.005028091097578425,8
10,7,0.005198226766700685,7
11,5,0.005198226766700685,5
12,365,0.06443630246304166,365
13,344,0.04282581419782403,344
14,122,0.004954282523764074,122
15,4,0.005198226766700685,4
16,4,0.005198226766700685,4
17,30,0.005012214098558871,30
18,24,0.005093314043957371,24
19,156,0.005201704864258902,156
20,206,0.00614162384781426,206
21,176,0.005150813604889059,176
22,422,0.01363413989244989,422
23,7,0.005105938495293639,7
24,7,0.005105938495293639,7
25,32,0.00554537663794459,32
26,36,0.0052820277499741174,36
27,343,0.015326466493558337,343
28,189,3.40445661638274E-5,189
29,47,0.0048350693929547295,47
30,36,0.004946815999684864,36
31,112,0.005392622216251438,112
32,179,0.005374436661802206,179
33,149,0.005054502003582626,149
34,60,2.995148685327686E-5,60
35,86,2.9614613520308512E-5,86
36,246,0.008651597905509845,246
37,43,0.004947052282991253,43
38,254,3.600310938741443E-5,254
39,84,0.004860041197534186,84
40,15,0.005190843798518505,15
41,50,0.004860936578070382,50
42,55,0.005016856042407944,55
43,45,0.012200797328404572,45
44,54,0.01370069642265098,54
45,13,0.01797395668643243,13
46,83,0.022785936348656034,83
47,64,0.007830530683481156,64
48,10,0.008138595363812241,10
49,167,0.010038072546979056,167
50,146,0.009797369623923387,146
51,30,0.009628231946378019,30
52,5,0.008357847078438617,5
53,74,0.007766025854323772,74
54,65,0.007640331768089622,65
55,16,0.005020948551079905,16
56,12,0.005190843798518505,12
57,274,0.025297421677227122,274
58,64,0.007623542070276397,64
59,40,0.008041051682723038,40
60,73,0.007766025854323772,73
61,65,0.007721292402462214,65
62,46,0.007696853136883387,46
63,8,0.008066007810962575,8
64,255,1.2076576831560339E-73,255
65,64,0.00783222982014819,64
66,21,0.008010846306492405,21
67,15,0.008044045294949207,15
68,15,0.005190843798518505,15
69,8,0.005198226766700685,8
70,6,0.005198226766700685,6
71,42,0.004947052282991253,42
72,47,0.007919512279029855,47
73,16,0.0081997296451507,16
74,56,0.004902405930813585,56
