InstanceId,Size,PredictedClassProbability,ActualClassLabel
0,5,0.21910182986460378,5
1,4,0.22359383288557055,4
2,256,0.2212382888813826,256
3,642,0.2454370096361991,642
4,5,0.21910182986460378,5
5,15,0.22606663283825684,15
6,167,0.2212382888813826,167
7,137,0.2200635564787266,137
8,11,0.22359383288557055,11
9,8,0.22359383288557055,8
10,7,0.22359383288557055,7
11,5,0.22359383288557055,5
12,365,0.24928776136997666,365
13,344,0.2200635564787266,344
14,122,0.22359383288557055,122
15,4,0.22359383288557055,4
16,4,0.22359383288557055,4
17,30,0.22359383288557055,30
18,24,0.22359383288557055,24
19,156,0.22359383288557055,156
20,206,0.22359383288557055,206
21,176,0.22359383288557055,176
22,422,0.22359383288557055,422
23,7,0.22359383288557055,7
24,7,0.22359383288557055,7
25,32,0.22359383288557055,32
26,36,0.22359383288557055,36
27,343,0.22359383288557055,343
28,189,0.21910182986460378,189
29,47,0.22359383288557055,47
30,36,0.22359383288557055,36
31,112,0.22359383288557055,112
32,179,0.22359383288557055,179
33,149,0.22359383288557055,149
34,60,0.21910182986460378,60
35,86,0.22262842567573018,86
36,246,0.22359383288557055,246
37,43,0.22359383288557055,43
38,254,0.21910182986460378,254
39,84,0.22359383288557055,84
40,15,0.22359383288557055,15
41,50,0.22359383288557055,50
42,55,0.22359383288557055,55
43,45,0.23868092501140603,45
44,54,0.2419311082471853,54
45,13,0.2681802938021119,13
46,83,0.28850319835544186,83
47,64,0.2212382888813826,64
48,10,0.2200635564787266,10
49,167,0.24801152362015436,167
50,146,0.24801152362015436,146
51,30,0.23040584020640043,30
52,5,0.2242367910237716,5
53,74,0.21910182986460378,74
54,65,0.2200635564787266,65
55,16,0.22359383288557055,16
56,12,0.22359383288557055,12
57,274,0.23568038545051262,274
58,64,0.2200635564787266,64
59,40,0.2200635564787266,40
60,73,0.21910182986460378,73
61,65,0.21910182986460378,65
62,46,0.21910182986460378,46
63,8,0.21910182986460378,8
64,255,0.32965047903280004,255
65,64,0.2242367910237716,64
66,21,0.2200635564787266,21
67,15,0.2200635564787266,15
68,15,0.22359383288557055,15
69,8,0.22359383288557055,8
70,6,0.22359383288557055,6
71,42,0.22359383288557055,42
72,47,0.21910182986460378,47
73,16,0.21910182986460378,16
74,56,0.22359383288557055,56
